,Event,Date
0,UFC 313: Pereira vs. Ankalaev,"Mar 8, 2025"
1,UFC Fight Night: Kape vs. Almabayev,"Mar 1, 2025"
2,UFC Fight Night: Cejudo vs. Song,"Feb 22, 2025"
3,UFC Fight Night: Cannonier vs. Rodrigues,"Feb 15, 2025"
4,UFC 312: du Plessis vs. Strickland 2,"Feb 8, 2025"
5,UFC Fight Night: Adesanya vs. Imavov,"Feb 1, 2025"
6,UFC 311: Makhachev vs. Moicano,"Jan 18, 2025"
7,UFC Fight Night: Dern vs. Ribas 2,"Jan 11, 2025"
8,UFC on ESPN: Covington vs. Buckley,"Dec 14, 2024"
9,UFC 310: Pantoja vs. Asakura,"Dec 7, 2024"
10,UFC Fight Night: Yan vs. Figueiredo,"Nov 23, 2024"
11,UFC 309: Jones vs. Miocic,"Nov 16, 2024"
12,UFC Fight Night: Magny vs. Prates,"Nov 9, 2024"
13,UFC Fight Night: Moreno vs. Albazi,"Nov 2, 2024"
14,UFC 308: Topuria vs. Holloway,"Oct 26, 2024"
15,UFC Fight Night: Hernandez vs. Pereira,"Oct 19, 2024"
16,UFC Fight Night: Royval vs. Taira,"Oct 12, 2024"
17,UFC 307: Pereira vs. Rountree Jr.,"Oct 5, 2024"
18,UFC Fight Night: Moicano vs. Saint Denis,"Sep 28, 2024"
19,UFC 306: O'Malley vs. Dvalishvili,"Sep 14, 2024"
20,UFC Fight Night: Burns vs. Brady,"Sep 7, 2024"
21,UFC on ESPN: Cannonier vs. Borralho,"Aug 24, 2024"
22,UFC 305: du Plessis vs. Adesanya,"Aug 18, 2024"
23,UFC on ESPN: Tybura vs. Spivac 2,"Aug 10, 2024"
24,UFC on ABC: Sandhagen vs. Nurmagomedov,"Aug 3, 2024"
25,UFC 304: Edwards vs. Muhammad 2,"Jul 27, 2024"
26,UFC on ESPN: Lemos vs. Jandiroba,"Jul 20, 2024"
27,UFC on ESPN: Namajunas vs. Cortez,"Jul 13, 2024"
28,UFC 303: Pereira vs. Procházka 2,"Jun 29, 2024"
29,UFC on ABC: Whittaker vs. Aliskerov,"Jun 22, 2024"
30,UFC on ESPN: Perez vs. Taira,"Jun 15, 2024"
31,UFC on ESPN: Cannonier vs. Imavov,"Jun 8, 2024"
32,UFC 302: Makhachev vs. Poirier,"Jun 1, 2024"
33,UFC Fight Night: Barboza vs. Murphy,"May 18, 2024"
34,UFC on ESPN: Lewis vs. Nascimento,"May 11, 2024"
35,UFC 301: Pantoja vs. Erceg,"May 4, 2024"
36,UFC on ESPN: Nicolau vs. Perez,"Apr 27, 2024"
37,UFC 300: Pereira vs. Hill,"Apr 13, 2024"
38,UFC Fight Night: Allen vs. Curtis 2,"Apr 6, 2024"
39,UFC on ESPN: Blanchfield vs. Fiorot,"Mar 30, 2024"
40,UFC on ESPN: Ribas vs. Namajunas,"Mar 23, 2024"
41,UFC Fight Night: Tuivasa vs. Tybura,"Mar 16, 2024"
42,UFC 299: O'Malley vs. Vera 2,"Mar 9, 2024"
43,UFC Fight Night: Rozenstruik vs. Gaziev,"Mar 2, 2024"
44,UFC Fight Night: Moreno vs. Royval 2,"Feb 24, 2024"
45,UFC 298: Volkanovski vs. Topuria,"Feb 17, 2024"
46,UFC Fight Night: Hermansson vs. Pyfer,"Feb 10, 2024"
47,UFC Fight Night: Dolidze vs. Imavov,"Feb 3, 2024"
48,UFC 297: Strickland vs. du Plessis,"Jan 20, 2024"
49,UFC Fight Night: Ankalaev vs. Walker 2,"Jan 13, 2024"
50,UFC 296: Edwards vs. Covington,"Dec 16, 2023"
51,UFC Fight Night: Song vs. Gutiérrez,"Dec 9, 2023"
52,UFC on ESPN: Dariush vs. Tsarukyan,"Dec 2, 2023"
53,UFC Fight Night: Allen vs. Craig,"Nov 18, 2023"
54,UFC 295: Procházka vs. Pereira,"Nov 11, 2023"
55,UFC Fight Night: Almeida vs. Lewis,"Nov 4, 2023"
56,UFC 294: Makhachev vs. Volkanovski 2,"Oct 21, 2023"
57,UFC Fight Night: Yusuff vs. Barboza,"Oct 14, 2023"
58,UFC Fight Night: Dawson vs. Green,"Oct 7, 2023"
59,UFC Fight Night: Fiziev vs. Gamrot,"Sep 23, 2023"
60,UFC Fight Night: Grasso vs. Shevchenko 2,"Sep 16, 2023"
61,UFC 293: Adesanya vs. Strickland,"Sep 10, 2023"
62,UFC Fight Night: Gane vs. Spivac,"Sep 2, 2023"
63,UFC Fight Night: Holloway vs. The Korean Zombie,"Aug 26, 2023"
64,UFC 292: Sterling vs. O'Malley,"Aug 19, 2023"
65,UFC on ESPN: Luque vs. dos Anjos,"Aug 12, 2023"
66,UFC on ESPN: Sandhagen vs. Font,"Aug 5, 2023"
67,UFC 291: Poirier vs. Gaethje 2,"Jul 29, 2023"
68,UFC Fight Night: Aspinall vs. Tybura,"Jul 22, 2023"
69,UFC on ESPN: Holm vs. Bueno Silva,"Jul 15, 2023"
70,UFC 290: Volkanovski vs. Rodríguez,"Jul 8, 2023"
71,UFC on ESPN: Strickland vs. Magomedov,"Jul 1, 2023"
72,UFC on ABC: Emmett vs. Topuria,"Jun 24, 2023"
73,UFC on ESPN: Vettori vs. Cannonier,"Jun 17, 2023"
74,UFC 289: Nunes vs. Aldana,"Jun 10, 2023"
75,UFC on ESPN: Kara-France vs. Albazi,"Jun 3, 2023"
76,UFC Fight Night: Dern vs. Hill,"May 20, 2023"
77,UFC on ABC: Rozenstruik vs. Almeida,"May 13, 2023"
78,UFC 288: Sterling vs. Cejudo,"May 6, 2023"
79,UFC on ESPN: Song vs. Simón,"Apr 29, 2023"
80,UFC Fight Night: Pavlovich vs. Blaydes,"Apr 22, 2023"
81,UFC on ESPN: Holloway vs. Allen,"Apr 15, 2023"
82,UFC 287: Pereira vs. Adesanya 2,"Apr 8, 2023"
83,UFC on ESPN: Vera vs. Sandhagen,"Mar 25, 2023"
84,UFC 286: Edwards vs. Usman 3,"Mar 18, 2023"
85,UFC Fight Night: Yan vs. Dvalishvili,"Mar 11, 2023"
86,UFC 285: Jones vs. Gane,"Mar 4, 2023"
87,UFC Fight Night: Muniz vs. Allen,"Feb 25, 2023"
88,UFC Fight Night: Andrade vs. Blanchfield,"Feb 18, 2023"
89,UFC 284: Makhachev vs. Volkanovski,"Feb 12, 2023"
90,UFC Fight Night: Lewis vs. Spivac,"Feb 4, 2023"
91,UFC 283: Teixeira vs. Hill,"Jan 21, 2023"
92,UFC Fight Night: Strickland vs. Imavov,"Jan 14, 2023"
93,UFC Fight Night: Cannonier vs. Strickland,"Dec 17, 2022"
94,UFC 282: Błachowicz vs. Ankalaev,"Dec 10, 2022"
95,UFC on ESPN: Thompson vs. Holland,"Dec 3, 2022"
96,UFC Fight Night: Nzechukwu vs. Cuțelaba,"Nov 19, 2022"
97,UFC 281: Adesanya vs. Pereira,"Nov 12, 2022"
98,UFC Fight Night: Rodriguez vs. Lemos,"Nov 5, 2022"
99,UFC Fight Night: Kattar vs. Allen,"Oct 29, 2022"
100,UFC 280: Oliveira vs. Makhachev,"Oct 22, 2022"
101,UFC Fight Night: Grasso vs. Araújo,"Oct 15, 2022"
102,UFC Fight Night: Dern vs. Yan,"Oct 1, 2022"
103,UFC Fight Night: Sandhagen vs. Song,"Sep 17, 2022"
104,UFC 279: Diaz vs. Ferguson,"Sep 10, 2022"
105,UFC Fight Night: Gane vs. Tuivasa,"Sep 3, 2022"
106,UFC 278: Usman vs. Edwards 2,"Aug 20, 2022"
107,UFC on ESPN: Vera vs. Cruz,"Aug 13, 2022"
108,UFC on ESPN: Santos vs. Hill,"Aug 6, 2022"
109,UFC 277: Peña vs. Nunes 2,"Jul 30, 2022"
110,UFC Fight Night: Blaydes vs. Aspinall,"Jul 23, 2022"
111,UFC on ABC: Ortega vs. Rodríguez,"Jul 16, 2022"
112,UFC on ESPN: dos Anjos vs. Fiziev,"Jul 9, 2022"
113,UFC 276: Adesanya vs. Cannonier,"Jul 2, 2022"
114,UFC on ESPN: Tsarukyan vs. Gamrot,"Jun 25, 2022"
115,UFC on ESPN: Kattar vs. Emmett,"Jun 18, 2022"
116,UFC 275: Teixeira vs. Procházka,"Jun 12, 2022"
117,UFC Fight Night: Volkov vs. Rozenstruik,"Jun 4, 2022"
118,UFC Fight Night: Holm vs. Vieira,"May 21, 2022"
119,UFC on ESPN: Błachowicz vs. Rakić,"May 14, 2022"
120,UFC 274: Oliveira vs. Gaethje,"May 7, 2022"
121,UFC on ESPN: Font vs. Vera,"Apr 30, 2022"
122,UFC Fight Night: Lemos vs. Andrade,"Apr 23, 2022"
123,UFC on ESPN: Luque vs. Muhammad 2,"Apr 16, 2022"
124,UFC 273: Volkanovski vs. The Korean Zombie,"Apr 9, 2022"
125,UFC on ESPN: Blaydes vs. Daukaus,"Mar 26, 2022"
126,UFC Fight Night: Volkov vs. Aspinall,"Mar 19, 2022"
127,UFC Fight Night: Santos vs. Ankalaev,"Mar 12, 2022"
128,UFC 272: Covington vs. Masvidal,"Mar 5, 2022"
129,UFC Fight Night: Makhachev vs. Green,"Feb 26, 2022"
130,UFC Fight Night: Walker vs. Hill,"Feb 19, 2022"
131,UFC 271: Adesanya vs. Whittaker 2,"Feb 12, 2022"
132,UFC Fight Night: Hermansson vs. Strickland,"Feb 5, 2022"
133,UFC 270: Ngannou vs. Gane,"Jan 22, 2022"
134,UFC on ESPN: Kattar vs. Chikadze,"Jan 15, 2022"
135,UFC Fight Night: Lewis vs. Daukaus,"Dec 18, 2021"
136,UFC 269: Oliveira vs. Poirier,"Dec 11, 2021"
137,UFC on ESPN: Font vs. Aldo,"Dec 4, 2021"
138,UFC Fight Night: Vieira vs. Tate,"Nov 20, 2021"
139,UFC Fight Night: Holloway vs. Rodríguez,"Nov 13, 2021"
140,UFC 268: Usman vs. Covington 2,"Nov 6, 2021"
141,UFC 267: Błachowicz vs. Teixeira,"Oct 30, 2021"
142,UFC Fight Night: Costa vs. Vettori,"Oct 23, 2021"
143,UFC Fight Night: Ladd vs. Dumont,"Oct 16, 2021"
144,UFC Fight Night: Dern vs. Rodriguez,"Oct 9, 2021"
145,UFC Fight Night: Santos vs. Walker,"Oct 2, 2021"
146,UFC 266: Volkanovski vs. Ortega,"Sep 25, 2021"
147,UFC Fight Night: Smith vs. Spann,"Sep 18, 2021"
148,UFC Fight Night: Brunson vs. Till,"Sep 4, 2021"
149,UFC on ESPN: Barboza vs. Chikadze,"Aug 28, 2021"
150,UFC on ESPN: Cannonier vs. Gastelum,"Aug 21, 2021"
151,UFC 265: Lewis vs. Gane,"Aug 7, 2021"
152,UFC on ESPN: Hall vs. Strickland,"Jul 31, 2021"
153,UFC on ESPN: Sandhagen vs. Dillashaw,"Jul 24, 2021"
154,UFC on ESPN: Makhachev vs. Moisés,"Jul 17, 2021"
155,UFC 264: Poirier vs. McGregor 3,"Jul 10, 2021"
156,UFC Fight Night: Gane vs. Volkov,"Jun 26, 2021"
157,UFC on ESPN: The Korean Zombie vs. Ige,"Jun 19, 2021"
158,UFC 263: Adesanya vs. Vettori 2,"Jun 12, 2021"
159,UFC Fight Night: Rozenstruik vs. Sakai,"Jun 5, 2021"
160,UFC Fight Night: Font vs. Garbrandt,"May 22, 2021"
161,UFC 262: Oliveira vs. Chandler,"May 15, 2021"
162,UFC on ESPN: Rodriguez vs. Waterson,"May 8, 2021"
163,UFC on ESPN: Reyes vs. Procházka,"May 1, 2021"
164,UFC 261: Usman vs. Masvidal 2,"Apr 24, 2021"
165,UFC on ESPN: Whittaker vs. Gastelum,"Apr 17, 2021"
166,UFC on ABC: Vettori vs. Holland,"Apr 10, 2021"
167,UFC 260: Miocic vs. Ngannou 2,"Mar 27, 2021"
168,UFC on ESPN: Brunson vs. Holland,"Mar 20, 2021"
169,UFC Fight Night: Edwards vs. Muhammad,"Mar 13, 2021"
170,UFC 259: Błachowicz vs. Adesanya,"Mar 6, 2021"
171,UFC Fight Night: Rozenstruik vs. Gane,"Feb 27, 2021"
172,UFC Fight Night: Blaydes vs. Lewis,"Feb 20, 2021"
173,UFC 258: Usman vs. Burns,"Feb 13, 2021"
174,UFC Fight Night: Overeem vs. Volkov,"Feb 6, 2021"
175,UFC 257: Poirier vs. McGregor 2,"Jan 24, 2021"
176,UFC on ESPN: Chiesa vs. Magny,"Jan 20, 2021"
177,UFC on ABC: Holloway vs. Kattar,"Jan 16, 2021"
178,UFC Fight Night: Thompson vs. Neal,"Dec 19, 2020"
179,UFC 256: Figueiredo vs. Moreno,"Dec 12, 2020"
180,UFC on ESPN: Hermansson vs. Vettori,"Dec 5, 2020"
181,UFC on ESPN: Smith vs. Clark,"Nov 28, 2020"
182,UFC 255: Figueiredo vs. Perez,"Nov 21, 2020"
183,UFC Fight Night: Felder vs. dos Anjos,"Nov 14, 2020"
184,UFC on ESPN: Santos vs. Teixeira,"Nov 7, 2020"
185,UFC Fight Night: Hall vs. Silva,"Oct 31, 2020"
186,UFC 254: Khabib vs. Gaethje,"Oct 24, 2020"
187,UFC Fight Night: Ortega vs. The Korean Zombie,"Oct 18, 2020"
188,UFC Fight Night: Moraes vs. Sandhagen,"Oct 11, 2020"
189,UFC on ESPN: Holm vs. Aldana,"Oct 4, 2020"
190,UFC 253: Adesanya vs. Costa,"Sep 27, 2020"
191,UFC Fight Night: Covington vs. Woodley,"Sep 19, 2020"
192,UFC Fight Night: Waterson vs. Hill,"Sep 12, 2020"
193,UFC Fight Night: Overeem vs. Sakai,"Sep 5, 2020"
194,UFC Fight Night: Smith vs. Rakić,"Aug 29, 2020"
195,UFC on ESPN: Munhoz vs. Edgar,"Aug 22, 2020"
196,UFC 252: Miocic vs. Cormier 3,"Aug 15, 2020"
197,UFC Fight Night: Lewis vs. Oleinik,"Aug 8, 2020"
198,UFC Fight Night: Brunson vs. Shahbazyan,"Aug 1, 2020"
199,UFC on ESPN: Whittaker vs. Till,"Jul 26, 2020"
200,UFC Fight Night: Figueiredo vs. Benavidez 2,"Jul 19, 2020"
201,UFC on ESPN: Kattar vs. Ige,"Jul 16, 2020"
202,UFC 251: Usman vs. Masvidal,"Jul 12, 2020"
203,UFC on ESPN: Poirier vs. Hooker,"Jun 27, 2020"
204,UFC on ESPN: Blaydes vs. Volkov,"Jun 20, 2020"
205,UFC on ESPN: Eye vs. Calvillo,"Jun 13, 2020"
206,UFC 250: Nunes vs. Spencer,"Jun 6, 2020"
207,UFC on ESPN: Woodley vs. Burns,"May 30, 2020"
208,UFC on ESPN: Overeem vs. Harris,"May 16, 2020"
209,UFC Fight Night: Smith vs. Teixeira,"May 13, 2020"
210,UFC 249: Ferguson vs. Gaethje,"May 9, 2020"
211,UFC Fight Night: Hermansson vs. Weidman,"May 2, 2020"
212,UFC Fight Night: Smith vs. Teixeira,"Apr 25, 2020"
213,UFC Fight Night: Overeem vs. Harris,"Apr 11, 2020"
214,UFC on ESPN: Ngannou vs. Rozenstruik,"Mar 28, 2020"
215,UFC Fight Night: Woodley vs. Edwards,"Mar 21, 2020"
216,UFC Fight Night: Lee vs. Oliveira,"Mar 14, 2020"
217,UFC 248: Adesanya vs. Romero,"Mar 7, 2020"
218,UFC Fight Night: Benavidez vs. Figueiredo,"Feb 29, 2020"
219,UFC Fight Night: Felder vs. Hooker,"Feb 23, 2020"
220,UFC Fight Night: Anderson vs. Błachowicz 2,"Feb 15, 2020"
221,UFC 247: Jones vs. Reyes,"Feb 8, 2020"
222,UFC Fight Night: Blaydes vs. dos Santos,"Jan 25, 2020"
223,UFC 246: McGregor vs. Cowboy,"Jan 18, 2020"
224,UFC Fight Night: Edgar vs. The Korean Zombie,"Dec 21, 2019"
225,UFC 245: Usman vs. Covington,"Dec 14, 2019"
226,UFC on ESPN: Overeem vs. Rozenstruik,"Dec 7, 2019"
227,UFC Fight Night: Błachowicz vs. Jacaré,"Nov 16, 2019"
228,UFC Fight Night: Magomedsharipov vs. Kattar,"Nov 9, 2019"
229,UFC 244: Masvidal vs. Diaz,"Nov 2, 2019"
230,UFC Fight Night: Maia vs. Askren,"Oct 26, 2019"
231,UFC on ESPN: Reyes vs. Weidman,"Oct 18, 2019"
232,UFC Fight Night: Joanna vs. Waterson,"Oct 12, 2019"
233,UFC 243: Whittaker vs. Adesanya,"Oct 5, 2019"
234,UFC Fight Night: Hermansson vs. Cannonier,"Sep 28, 2019"
235,UFC Fight Night: Rodríguez vs. Stephens,"Sep 21, 2019"
236,UFC Fight Night: Cowboy vs. Gaethje,"Sep 14, 2019"
237,UFC 242: Khabib vs. Poirier,"Sep 7, 2019"
238,UFC Fight Night: Andrade vs. Zhang,"Aug 31, 2019"
239,UFC 241: Cormier vs. Miocic 2,"Aug 17, 2019"
240,UFC Fight Night: Shevchenko vs. Carmouche 2,"Aug 10, 2019"
241,UFC on ESPN: Covington vs. Lawler,"Aug 3, 2019"
242,UFC 240: Holloway vs. Edgar,"Jul 27, 2019"
243,UFC on ESPN: dos Anjos vs. Edwards,"Jul 20, 2019"
244,UFC Fight Night: de Randamie vs. Ladd,"Jul 13, 2019"
245,UFC 239: Jones vs. Santos,"Jul 6, 2019"
246,UFC on ESPN: Ngannou vs. dos Santos,"Jun 29, 2019"
247,UFC Fight Night: Moicano vs. The Korean Zombie,"Jun 22, 2019"
248,UFC 238: Cejudo vs. Moraes,"Jun 8, 2019"
249,UFC Fight Night: Gustafsson vs. Smith,"Jun 1, 2019"
250,UFC Fight Night: dos Anjos vs. Lee,"May 18, 2019"
251,UFC 237: Namajunas vs. Andrade,"May 11, 2019"
252,UFC Fight Night: Iaquinta vs. Cowboy,"May 4, 2019"
253,UFC Fight Night: Jacaré vs. Hermansson,"Apr 27, 2019"
254,UFC Fight Night: Overeem vs. Oleinik,"Apr 20, 2019"
255,UFC 236: Holloway vs. Poirier 2,"Apr 13, 2019"
256,UFC on ESPN: Barboza vs. Gaethje,"Mar 30, 2019"
257,UFC Fight Night: Thompson vs. Pettis,"Mar 23, 2019"
258,UFC Fight Night: Till vs. Masvidal,"Mar 16, 2019"
259,UFC Fight Night: Lewis vs. dos Santos,"Mar 9, 2019"
260,UFC 235: Jones vs. Smith,"Mar 2, 2019"
261,UFC Fight Night: Błachowicz vs. Santos,"Feb 23, 2019"
262,UFC on ESPN: Ngannou vs. Velasquez,"Feb 17, 2019"
263,UFC 234: Adesanya vs. Silva,"Feb 10, 2019"
264,UFC Fight Night: Assunção vs. Moraes 2,"Feb 2, 2019"
265,UFC 233: Cejudo vs. Dillashaw,"Jan 26, 2019"
266,UFC Fight Night: Cejudo vs. Dillashaw,"Jan 19, 2019"
267,UFC 232: Jones vs. Gustafsson 2,"Dec 29, 2018"
268,UFC on Fox: Lee vs. Iaquinta 2,"Dec 15, 2018"
269,UFC 231: Holloway vs. Ortega,"Dec 8, 2018"
270,UFC Fight Night: dos Santos vs. Tuivasa,"Dec 2, 2018"
271,The Ultimate Fighter: Heavy Hitters Finale,"Nov 30, 2018"
272,UFC Fight Night: Blaydes vs. Ngannou 2,"Nov 24, 2018"
273,UFC Fight Night: Magny vs. Ponzinibbio,"Nov 17, 2018"
274,UFC Fight Night: The Korean Zombie vs. Rodríguez,"Nov 10, 2018"
275,UFC 230: Cormier vs. Lewis,"Nov 3, 2018"
276,UFC Fight Night: Volkan vs. Smith,"Oct 27, 2018"
277,UFC 229: Khabib vs. McGregor,"Oct 6, 2018"
278,UFC Fight Night: Santos vs. Anders,"Sep 22, 2018"
279,UFC Fight Night: Hunt vs. Oleinik,"Sep 15, 2018"
280,UFC 228: Woodley vs. Till,"Sep 8, 2018"
281,UFC Fight Night: Gaethje vs. Vick,"Aug 25, 2018"
282,UFC 227: Dillashaw vs. Garbrandt 2,"Aug 4, 2018"
283,UFC on Fox: Alvarez vs. Poirier 2,"Jul 28, 2018"
284,UFC Fight Night: Shogun vs. Smith,"Jul 22, 2018"
285,UFC Fight Night: dos Santos vs. Ivanov,"Jul 14, 2018"
286,UFC 226: Miocic vs. Cormier,"Jul 7, 2018"
287,The Ultimate Fighter: Undefeated Finale,"Jul 6, 2018"
288,UFC Fight Night: Cowboy vs. Edwards,"Jun 23, 2018"
289,UFC 225: Whittaker vs. Romero 2,"Jun 9, 2018"
290,UFC Fight Night: Rivera vs. Moraes,"Jun 1, 2018"
291,UFC Fight Night: Thompson vs. Till,"May 27, 2018"
292,UFC Fight Night: Maia vs. Usman,"May 19, 2018"
293,UFC 224: Nunes vs. Pennington,"May 12, 2018"
294,UFC Fight Night: Barboza vs. Lee,"Apr 21, 2018"
295,UFC on Fox: Poirier vs. Gaethje,"Apr 14, 2018"
296,UFC 223: Khabib vs. Iaquinta,"Apr 7, 2018"
297,UFC Fight Night: Werdum vs. Volkov,"Mar 17, 2018"
298,UFC 222: Cyborg vs. Kunitskaya,"Mar 3, 2018"
299,UFC on Fox: Emmett vs. Stephens,"Feb 24, 2018"
300,UFC Fight Night: Cowboy vs. Medeiros,"Feb 18, 2018"
301,UFC 221: Romero vs. Rockhold,"Feb 11, 2018"
302,UFC Fight Night: Machida vs. Anders,"Feb 3, 2018"
303,UFC on Fox: Jacaré vs. Brunson 2,"Jan 27, 2018"
304,UFC 220: Miocic vs. Ngannou,"Jan 20, 2018"
305,UFC Fight Night: Stephens vs. Choi,"Jan 14, 2018"
306,UFC 219: Cyborg vs. Holm,"Dec 30, 2017"
307,UFC on Fox: Lawler vs. dos Anjos,"Dec 16, 2017"
308,UFC Fight Night: Swanson vs. Ortega,"Dec 9, 2017"
309,UFC 218: Holloway vs. Aldo 2,"Dec 2, 2017"
310,The Ultimate Fighter: A New World Champion Finale,"Dec 1, 2017"
311,UFC Fight Night: Bisping vs. Gastelum,"Nov 25, 2017"
312,UFC Fight Night: Werdum vs. Tybura,"Nov 19, 2017"
313,UFC Fight Night: Poirier vs. Pettis,"Nov 11, 2017"
314,UFC 217: Bisping vs. St-Pierre,"Nov 4, 2017"
315,UFC Fight Night: Brunson vs. Machida,"Oct 28, 2017"
316,UFC Fight Night: Cowboy vs. Till,"Oct 21, 2017"
317,UFC 216: Ferguson vs. Lee,"Oct 7, 2017"
318,UFC Fight Night: Saint Preux vs. Okami,"Sep 23, 2017"
319,UFC Fight Night: Rockhold vs. Branch,"Sep 16, 2017"
320,UFC 215: Nunes vs. Shevchenko 2,"Sep 9, 2017"
321,UFC Fight Night: Volkov vs. Struve,"Sep 2, 2017"
322,UFC Fight Night: Pettis vs. Moreno,"Aug 5, 2017"
323,UFC 214: Cormier vs. Jones 2,"Jul 29, 2017"
324,UFC on Fox: Weidman vs. Gastelum,"Jul 22, 2017"
325,UFC Fight Night: Nelson vs. Ponzinibbio,"Jul 16, 2017"
326,UFC 213: Romero vs. Whittaker,"Jul 8, 2017"
327,The Ultimate Fighter: Redemption Finale,"Jul 7, 2017"
328,UFC Fight Night: Chiesa vs. Lee,"Jun 25, 2017"
329,UFC Fight Night: Holm vs. Correia,"Jun 17, 2017"
330,UFC Fight Night: Lewis vs. Hunt,"Jun 11, 2017"
331,UFC 212: Aldo vs. Holloway,"Jun 3, 2017"
332,UFC Fight Night: Gustafsson vs. Teixeira,"May 28, 2017"
333,UFC 211: Miocic vs. dos Santos 2,"May 13, 2017"
334,UFC Fight Night: Swanson vs. Lobov,"Apr 22, 2017"
335,UFC on Fox: Johnson vs. Reis,"Apr 15, 2017"
336,UFC 210: Cormier vs. Johnson 2,"Apr 8, 2017"
337,UFC Fight Night: Manuwa vs. Anderson,"Mar 18, 2017"
338,UFC Fight Night: Belfort vs. Gastelum,"Mar 11, 2017"
339,UFC 209: Woodley vs. Thompson 2,"Mar 4, 2017"
340,UFC Fight Night: Lewis vs. Browne,"Feb 19, 2017"
341,UFC 208: Holm vs. de Randamie,"Feb 11, 2017"
342,UFC Fight Night: Bermudez vs. The Korean Zombie,"Feb 4, 2017"
343,UFC on Fox: Shevchenko vs. Peña,"Jan 28, 2017"
344,UFC Fight Night: Rodríguez vs. Penn,"Jan 15, 2017"
345,UFC 207: Nunes vs. Rousey,"Dec 30, 2016"
346,UFC on Fox: VanZant vs. Waterson,"Dec 17, 2016"
347,UFC 206: Holloway vs. Pettis,"Dec 10, 2016"
348,UFC Fight Night: Lewis vs. Abdurakhimov,"Dec 9, 2016"
349,The Ultimate Fighter: Tournament of Champions Finale,"Dec 3, 2016"
350,UFC Fight Night: Whittaker vs. Brunson,"Nov 27, 2016"
351,UFC Fight Night: Bader vs. Nogueira 2,"Nov 19, 2016"
352,UFC Fight Night: Mousasi vs. Hall 2,"Nov 19, 2016"
353,UFC 205: Alvarez vs. McGregor,"Nov 12, 2016"
354,The Ultimate Fighter Latin America 3 Finale: dos Anjos vs. Ferguson,"Nov 5, 2016"
355,UFC Fight Night: Lamas vs. Penn,"Oct 15, 2016"
356,UFC 204: Bisping vs. Henderson 2,"Oct 8, 2016"
357,UFC Fight Night: Lineker vs. Dodson,"Oct 1, 2016"
358,UFC Fight Night: Cyborg vs. Länsberg,"Sep 24, 2016"
359,UFC Fight Night: Poirier vs. Johnson,"Sep 17, 2016"
360,UFC 203: Miocic vs. Overeem,"Sep 10, 2016"
361,UFC Fight Night: Arlovski vs. Barnett,"Sep 3, 2016"
362,UFC on Fox: Maia vs. Condit,"Aug 27, 2016"
363,UFC 202: Diaz vs. McGregor 2,"Aug 20, 2016"
364,UFC Fight Night: Rodríguez vs. Caceres,"Aug 6, 2016"
365,UFC 201: Lawler vs. Woodley,"Jul 30, 2016"
366,UFC on Fox: Holm vs. Shevchenko,"Jul 23, 2016"
367,UFC Fight Night: McDonald vs. Lineker,"Jul 13, 2016"
368,UFC 200: Tate vs. Nunes,"Jul 9, 2016"
369,The Ultimate Fighter: Team Joanna vs. Team Cláudia Finale,"Jul 8, 2016"
370,UFC Fight Night: dos Anjos vs. Alvarez,"Jul 7, 2016"
371,UFC Fight Night: MacDonald vs. Thompson,"Jun 18, 2016"
372,UFC 199: Rockhold vs. Bisping 2,"Jun 4, 2016"
373,UFC Fight Night: Almeida vs. Garbrandt,"May 29, 2016"
374,UFC 198: Werdum vs. Miocic,"May 14, 2016"
375,UFC Fight Night: Overeem vs. Arlovski,"May 8, 2016"
376,UFC 197: Jones vs. Saint Preux,"Apr 23, 2016"
377,UFC on Fox: Teixeira vs. Evans,"Apr 16, 2016"
378,UFC Fight Night: Rothwell vs. dos Santos,"Apr 10, 2016"
379,UFC Fight Night: Hunt vs. Mir,"Mar 20, 2016"
380,UFC 196: McGregor vs. Diaz,"Mar 5, 2016"
381,UFC Fight Night: Silva vs. Bisping,"Feb 27, 2016"
382,UFC Fight Night: Cowboy vs. Cowboy,"Feb 21, 2016"
383,UFC Fight Night: Hendricks vs. Thompson,"Feb 6, 2016"
384,UFC on Fox: Johnson vs. Bader,"Jan 30, 2016"
385,UFC Fight Night: Dillashaw vs. Cruz,"Jan 17, 2016"
386,UFC 195: Lawler vs. Condit,"Jan 2, 2016"
387,UFC on Fox: dos Anjos vs. Cowboy 2,"Dec 19, 2015"
388,UFC 194: Aldo vs. McGregor,"Dec 12, 2015"
389,The Ultimate Fighter: Team McGregor vs. Team Faber Finale,"Dec 11, 2015"
390,UFC Fight Night: Namajunas vs. VanZant,"Dec 10, 2015"
391,UFC Fight Night: Henderson vs. Masvidal,"Nov 28, 2015"
392,The Ultimate Fighter Latin America 2 Finale: Magny vs. Gastelum,"Nov 21, 2015"
393,UFC 193: Rousey vs. Holm,"Nov 15, 2015"
394,UFC Fight Night: Belfort vs. Henderson 3,"Nov 7, 2015"
395,UFC Fight Night: Holohan vs. Smolka,"Oct 24, 2015"
396,UFC 192: Cormier vs. Gustafsson,"Oct 3, 2015"
397,UFC Fight Night: Barnett vs. Nelson,"Sep 27, 2015"
398,UFC 191: Johnson vs. Dodson 2,"Sep 5, 2015"
399,UFC Fight Night: Holloway vs. Oliveira,"Aug 23, 2015"
400,UFC Fight Night: Teixeira vs. Saint Preux,"Aug 8, 2015"
401,UFC 190: Rousey vs. Correia,"Aug 1, 2015"
402,UFC on Fox: Dillashaw vs. Barão 2,"Jul 25, 2015"
403,UFC Fight Night: Bisping vs. Leites,"Jul 18, 2015"
404,UFC Fight Night: Mir vs. Duffee,"Jul 15, 2015"
405,The Ultimate Fighter: American Top Team vs. Blackzilians Finale,"Jul 12, 2015"
406,UFC 189: Mendes vs. McGregor,"Jul 11, 2015"
407,UFC Fight Night: Machida vs. Romero,"Jun 27, 2015"
408,UFC Fight Night: Jędrzejczyk vs. Penne,"Jun 20, 2015"
409,UFC 188: Velasquez vs. Werdum,"Jun 13, 2015"
410,UFC Fight Night: Boetsch vs. Henderson,"Jun 6, 2015"
411,UFC Fight Night: Condit vs. Alves,"May 30, 2015"
412,UFC 187: Johnson vs. Cormier,"May 23, 2015"
413,UFC Fight Night: Edgar vs. Faber,"May 16, 2015"
414,UFC Fight Night: Miocic vs. Hunt,"May 10, 2015"
415,UFC 186: Johnson vs. Horiguchi,"Apr 25, 2015"
416,UFC on Fox: Machida vs. Rockhold,"Apr 18, 2015"
417,UFC Fight Night: Gonzaga vs. Cro Cop 2,"Apr 11, 2015"
418,UFC Fight Night: Mendes vs. Lamas,"Apr 4, 2015"
419,UFC Fight Night: Maia vs. LaFlare,"Mar 21, 2015"
420,UFC 185: Pettis vs. dos Anjos,"Mar 14, 2015"
421,UFC 184: Rousey vs. Zingano,"Feb 28, 2015"
422,UFC Fight Night: Bigfoot vs. Mir,"Feb 22, 2015"
423,UFC Fight Night: Henderson vs. Thatch,"Feb 14, 2015"
424,UFC 183: Silva vs. Diaz,"Jan 31, 2015"
425,UFC on Fox: Gustafsson vs. Johnson,"Jan 24, 2015"
426,UFC Fight Night: McGregor vs. Siver,"Jan 18, 2015"
427,UFC 182: Jones vs. Cormier,"Jan 3, 2015"
428,UFC Fight Night: Machida vs. Dollaway,"Dec 20, 2014"
429,UFC on Fox: dos Santos vs. Miocic,"Dec 13, 2014"
430,The Ultimate Fighter: A Champion Will Be Crowned Finale,"Dec 12, 2014"
431,UFC 181: Hendricks vs. Lawler II,"Dec 6, 2014"
432,UFC Fight Night: Edgar vs. Swanson,"Nov 22, 2014"
433,UFC 180: Werdum vs. Hunt,"Nov 15, 2014"
434,UFC Fight Night: Shogun vs. Saint Preux,"Nov 8, 2014"
435,UFC Fight Night: Rockhold vs. Bisping,"Nov 8, 2014"
436,UFC 179: Aldo vs. Mendes 2,"Oct 25, 2014"
437,UFC Fight Night: MacDonald vs. Saffiedine,"Oct 4, 2014"
438,UFC Fight Night: Nelson vs. Story,"Oct 4, 2014"
439,UFC 178: Johnson vs. Cariaso,"Sep 27, 2014"
440,UFC Fight Night: Hunt vs. Nelson,"Sep 20, 2014"
441,UFC Fight Night: Bigfoot vs. Arlovski,"Sep 13, 2014"
442,UFC Fight Night: Jacaré vs. Mousasi,"Sep 5, 2014"
443,UFC 177: Dillashaw vs. Soto,"Aug 30, 2014"
444,UFC Fight Night: Henderson vs. dos Anjos,"Aug 23, 2014"
445,UFC Fight Night: Bisping vs. Le,"Aug 23, 2014"
446,UFC Fight Night: Bader vs. Saint Preux,"Aug 16, 2014"
447,UFC 176: Aldo vs. Mendes II,"Aug 2, 2014"
448,UFC on Fox: Lawler vs. Brown,"Jul 26, 2014"
449,UFC Fight Night: McGregor vs. Brandão,"Jul 19, 2014"
450,UFC Fight Night: Cowboy vs. Miller,"Jul 16, 2014"
451,The Ultimate Fighter: Team Edgar vs. Team Penn Finale,"Jul 6, 2014"
452,UFC 175: Weidman vs. Machida,"Jul 5, 2014"
453,UFC Fight Night: Swanson vs. Stephens,"Jun 28, 2014"
454,UFC Fight Night: Te Huna vs. Marquardt,"Jun 28, 2014"
455,UFC 174: Johnson vs. Bagautinov,"Jun 14, 2014"
456,UFC Fight Night: Henderson vs. Khabilov,"Jun 7, 2014"
457,The Ultimate Fighter Brazil 3 Finale: Miocic vs. Maldonado,"May 31, 2014"
458,UFC Fight Night: Muñoz vs. Mousasi,"May 31, 2014"
459,UFC 173: Barão vs. Dillashaw,"May 24, 2014"
460,UFC Fight Night: Brown vs. Silva,"May 10, 2014"
461,UFC 172: Jones vs. Teixeira,"Apr 26, 2014"
462,UFC on Fox: Werdum vs. Browne,"Apr 19, 2014"
463,The Ultimate Fighter Nations Finale: Bisping vs. Kennedy,"Apr 16, 2014"
464,UFC Fight Night: Nogueira vs. Nelson,"Apr 11, 2014"
465,UFC Fight Night: Shogun vs. Henderson 2,"Mar 23, 2014"
466,UFC 171: Hendricks vs. Lawler,"Mar 15, 2014"
467,UFC Fight Night: Gustafsson vs. Manuwa,"Mar 8, 2014"
468,The Ultimate Fighter China Finale: Kim vs. Hathaway,"Mar 1, 2014"
469,UFC 170: Rousey vs. McMann,"Feb 22, 2014"
470,UFC Fight Night: Machida vs. Mousasi,"Feb 15, 2014"
471,UFC 169: Barão vs. Faber 2,"Feb 1, 2014"
472,UFC on Fox: Henderson vs. Thomson,"Jan 25, 2014"
473,UFC Fight Night: Rockhold vs. Philippou,"Jan 15, 2014"
474,UFC Fight Night: Saffiedine vs. Lim,"Jan 4, 2014"
475,UFC 168: Weidman vs. Silva 2,"Dec 28, 2013"
476,UFC on Fox: Johnson vs. Benavidez 2,"Dec 14, 2013"
477,UFC Fight Night: Hunt vs. Bigfoot,"Dec 7, 2013"
478,The Ultimate Fighter: Team Rousey vs. Team Tate Finale,"Nov 30, 2013"
479,UFC 167: St-Pierre vs. Hendricks,"Nov 16, 2013"
480,UFC Fight Night: Belfort vs. Henderson 2,"Nov 9, 2013"
481,UFC: Fight for the Troops 3,"Nov 6, 2013"
482,UFC Fight Night: Machida vs. Muñoz,"Oct 26, 2013"
483,UFC 166: Velasquez vs. dos Santos III,"Oct 19, 2013"
484,UFC Fight Night: Maia vs. Shields,"Oct 9, 2013"
485,UFC 165: Jones vs. Gustafsson,"Sep 21, 2013"
486,UFC Fight Night: Teixeira vs. Bader,"Sep 4, 2013"
487,UFC 164: Henderson vs. Pettis 2,"Aug 31, 2013"
488,UFC Fight Night: Condit vs. Kampmann 2,"Aug 28, 2013"
489,UFC Fight Night: Shogun vs. Sonnen,"Aug 17, 2013"
490,UFC 163: Aldo vs. Korean Zombie,"Aug 3, 2013"
491,UFC on Fox: Johnson vs. Moraga,"Jul 27, 2013"
492,UFC 162: Silva vs. Weidman,"Jul 6, 2013"
493,UFC 161: Evans vs. Henderson,"Jun 15, 2013"
494,UFC on Fuel TV: Nogueira vs. Werdum,"Jun 8, 2013"
495,UFC 160: Velasquez vs. Bigfoot 2,"May 25, 2013"
496,UFC on FX: Belfort vs. Rockhold,"May 18, 2013"
497,UFC 159: Jones vs. Sonnen,"Apr 27, 2013"
498,UFC on Fox: Henderson vs. Melendez,"Apr 20, 2013"
499,The Ultimate Fighter: Team Jones vs. Team Sonnen Finale,"Apr 13, 2013"
500,UFC on Fuel TV: Mousasi vs. Latifi,"Apr 6, 2013"
501,UFC 158: St-Pierre vs. Diaz,"Mar 16, 2013"
502,UFC on Fuel TV: Silva vs. Stann,"Mar 3, 2013"
503,UFC 157: Rousey vs. Carmouche,"Feb 23, 2013"
504,UFC on Fuel TV: Barão vs. McDonald,"Feb 16, 2013"
505,UFC 156: Aldo vs. Edgar,"Feb 2, 2013"
506,UFC on Fox: Johnson vs. Dodson,"Jan 26, 2013"
507,UFC on FX: Belfort vs. Bisping,"Jan 19, 2013"
508,UFC 155: dos Santos vs. Velasquez 2,"Dec 29, 2012"
509,The Ultimate Fighter: Team Carwin vs. Team Nelson Finale,"Dec 15, 2012"
510,UFC on FX: Sotiropoulos vs. Pearson,"Dec 15, 2012"
511,UFC on Fox: Henderson vs. Diaz,"Dec 8, 2012"
512,UFC 154: St-Pierre vs. Condit,"Nov 17, 2012"
513,UFC on Fuel TV: Franklin vs. Le,"Nov 10, 2012"
514,UFC 153: Silva vs. Bonnar,"Oct 13, 2012"
515,UFC on FX: Browne vs. Bigfoot,"Oct 5, 2012"
516,UFC on Fuel TV: Struve vs. Miocic,"Sep 29, 2012"
517,UFC 152: Jones vs. Belfort,"Sep 22, 2012"
518,UFC 151: Jones vs. Henderson,"Sep 1, 2012"
519,UFC 150: Henderson vs. Edgar II,"Aug 11, 2012"
520,UFC on Fox: Shogun vs. Vera,"Aug 4, 2012"
521,UFC 149: Faber vs. Barão,"Jul 21, 2012"
522,UFC on Fuel TV: Muñoz vs. Weidman,"Jul 11, 2012"
523,UFC 148: Silva vs. Sonnen II,"Jul 7, 2012"
524,UFC 147: Silva vs. Franklin II,"Jun 23, 2012"
525,UFC on FX: Maynard vs. Guida,"Jun 22, 2012"
526,UFC on FX: Johnson vs. McCall 2,"Jun 8, 2012"
527,The Ultimate Fighter: Live Finale,"Jun 1, 2012"
528,UFC 146: dos Santos vs. Mir,"May 26, 2012"
529,UFC on Fuel TV: The Korean Zombie vs. Poirier,"May 15, 2012"
530,UFC on Fox: Diaz vs. Miller,"May 5, 2012"
531,UFC 145: Jones vs. Evans,"Apr 21, 2012"
532,UFC on Fuel TV: Gustafsson vs. Silva,"Apr 14, 2012"
533,UFC on FX: Alves vs. Kampmann,"Mar 3, 2012"
534,UFC 144: Edgar vs. Henderson,"Feb 26, 2012"
535,UFC on Fuel TV: Sanchez vs. Ellenberger,"Feb 15, 2012"
536,UFC 143: Diaz vs. Condit,"Feb 4, 2012"
537,UFC on Fox: Evans vs. Davis,"Jan 28, 2012"
538,UFC on FX: Guillard vs. Miller,"Jan 20, 2012"
539,UFC 142: Aldo vs. Mendes,"Jan 14, 2012"
540,UFC 141: Lesnar vs. Overeem,"Dec 30, 2011"
541,UFC 140: Jones vs. Machida,"Dec 10, 2011"
542,The Ultimate Fighter: Team Bisping vs. Team Miller Finale,"Dec 3, 2011"
543,UFC 139: Shogun vs. Henderson,"Nov 19, 2011"
544,UFC on Fox: Velasquez vs. dos Santos,"Nov 12, 2011"
545,UFC 138: Leben vs. Muñoz,"Nov 5, 2011"
546,UFC 137: Penn vs. Diaz,"Oct 29, 2011"
547,UFC 136: Edgar vs. Maynard III,"Oct 8, 2011"
548,UFC Live: Cruz vs. Johnson,"Oct 1, 2011"
549,UFC 135: Jones vs. Rampage,"Sep 24, 2011"
550,UFC Fight Night: Shields vs. Ellenberger,"Sep 17, 2011"
551,UFC 134: Silva vs. Okami,"Aug 27, 2011"
552,UFC Live: Hardy vs. Lytle,"Aug 14, 2011"
553,UFC 133: Evans vs. Ortiz,"Aug 6, 2011"
554,UFC 132: Cruz vs. Faber,"Jul 2, 2011"
555,UFC Live: Kongo vs. Barry,"Jun 26, 2011"
556,UFC 131: dos Santos vs. Carwin,"Jun 11, 2011"
557,The Ultimate Fighter: Team Lesnar vs. Team dos Santos Finale,"Jun 4, 2011"
558,UFC 130: Rampage vs. Hamill,"May 28, 2011"
559,UFC 129: St-Pierre vs. Shields,"Apr 30, 2011"
560,UFC Fight Night: Nogueira vs. Davis,"Mar 26, 2011"
561,UFC 128: Shogun vs. Jones,"Mar 19, 2011"
562,UFC Live: Sanchez vs. Kampmann,"Mar 3, 2011"
563,UFC 127: Penn vs. Fitch,"Feb 27, 2011"
564,UFC 126: Silva vs. Belfort,"Feb 5, 2011"
565,UFC: Fight for the Troops 2,"Jan 22, 2011"
566,UFC 125: Resolution,"Jan 1, 2011"
567,UFC 124: St-Pierre vs. Koscheck 2,"Dec 11, 2010"
568,The Ultimate Fighter: Team GSP vs. Team Koscheck Finale,"Dec 4, 2010"
569,UFC 123: Rampage vs. Machida,"Nov 20, 2010"
570,UFC 122: Marquardt vs. Okami,"Nov 13, 2010"
571,UFC 121: Lesnar vs. Velasquez,"Oct 23, 2010"
572,UFC 120: Bisping vs. Akiyama,"Oct 16, 2010"
573,UFC 119: Mir vs. Cro Cop,"Sep 25, 2010"
574,UFC Fight Night: Marquardt vs. Palhares,"Sep 15, 2010"
575,UFC 118: Edgar vs. Penn 2,"Aug 28, 2010"
576,UFC 117: Silva vs. Sonnen,"Aug 7, 2010"
577,UFC Live: Jones vs. Matyushenko,"Aug 1, 2010"
578,UFC 116: Lesnar vs. Carwin,"Jul 3, 2010"
579,The Ultimate Fighter: Team Liddell vs. Team Ortiz Finale,"Jun 19, 2010"
580,UFC 115: Liddell vs. Franklin,"Jun 12, 2010"
581,UFC 114: Rampage vs. Evans,"May 29, 2010"
582,UFC 113: Machida vs. Shogun 2,"May 8, 2010"
583,UFC 112: Invincible,"Apr 10, 2010"
584,UFC Fight Night: Florian vs. Gomi,"Mar 31, 2010"
585,UFC 111: St-Pierre vs. Hardy,"Mar 27, 2010"
586,UFC Live: Vera vs. Jones,"Mar 21, 2010"
587,UFC 110: Nogueira vs. Velasquez,"Feb 21, 2010"
588,UFC 109: Relentless,"Feb 6, 2010"
589,UFC Fight Night: Maynard vs. Diaz,"Jan 11, 2010"
590,UFC 108: Evans vs. Silva,"Jan 2, 2010"
591,UFC 107: Penn vs. Sanchez,"Dec 12, 2009"
592,The Ultimate Fighter: Heavyweights Finale,"Dec 5, 2009"
593,UFC 106: Ortiz vs. Griffin 2,"Nov 21, 2009"
594,UFC 105: Couture vs. Vera,"Nov 14, 2009"
595,UFC 104: Machida vs. Shogun,"Oct 24, 2009"
596,UFC 103: Franklin vs. Belfort,"Sep 19, 2009"
597,UFC Fight Night: Diaz vs. Guillard,"Sep 16, 2009"
598,UFC 102: Couture vs. Nogueira,"Aug 29, 2009"
599,UFC 101: Declaration,"Aug 8, 2009"
600,UFC 100,"Jul 11, 2009"
601,The Ultimate Fighter: United States vs. United Kingdom Finale,"Jun 20, 2009"
602,UFC 99: The Comeback,"Jun 13, 2009"
603,UFC 98: Evans vs. Machida,"May 23, 2009"
604,UFC 97: Redemption,"Apr 18, 2009"
605,UFC Fight Night: Condit vs. Kampmann,"Apr 1, 2009"
606,UFC 96: Jackson vs. Jardine,"Mar 7, 2009"
607,UFC 95: Sanchez vs. Stevenson,"Feb 21, 2009"
608,UFC Fight Night: Lauzon vs. Stephens,"Feb 7, 2009"
609,UFC 94: St-Pierre vs. Penn 2,"Jan 31, 2009"
610,UFC 93: Franklin vs. Henderson,"Jan 17, 2009"
611,UFC 92: The Ultimate 2008,"Dec 27, 2008"
612,The Ultimate Fighter: Team Nogueira vs. Team Mir Finale,"Dec 13, 2008"
613,UFC: Fight for the Troops,"Dec 10, 2008"
614,UFC 91: Couture vs. Lesnar,"Nov 15, 2008"
615,UFC 90: Silva vs. Côté,"Oct 25, 2008"
616,UFC 89: Bisping vs. Leben,"Oct 18, 2008"
617,UFC Fight Night: Diaz vs. Neer,"Sep 17, 2008"
618,UFC 88: Breakthrough,"Sep 6, 2008"
619,UFC 87: Seek and Destroy,"Aug 9, 2008"
620,UFC Fight Night: Silva vs. Irvin,"Jul 19, 2008"
621,UFC 86: Jackson vs. Griffin,"Jul 5, 2008"
622,The Ultimate Fighter: Team Rampage vs. Team Forrest Finale,"Jun 21, 2008"
623,UFC 85: Bedlam,"Jun 7, 2008"
624,UFC 84: Ill Will,"May 24, 2008"
625,UFC 83: Serra vs. St-Pierre 2,"Apr 19, 2008"
626,UFC Fight Night: Florian vs. Lauzon,"Apr 2, 2008"
627,UFC 82: Pride of a Champion,"Mar 1, 2008"
628,UFC 81: Breaking Point,"Feb 2, 2008"
629,UFC Fight Night: Swick vs. Burkman,"Jan 23, 2008"
630,UFC 80: Rapid Fire,"Jan 19, 2008"
631,UFC 79: Nemesis,"Dec 29, 2007"
632,The Ultimate Fighter: Team Hughes vs. Team Serra Finale,"Dec 8, 2007"
633,UFC 78: Validation,"Nov 17, 2007"
634,UFC 77: Hostile Territory,"Oct 20, 2007"
635,UFC 76: Knockout,"Sep 22, 2007"
636,UFC Fight Night: Thomas vs. Florian,"Sep 19, 2007"
637,UFC 75: Champion vs. Champion,"Sep 8, 2007"
638,UFC 74: Respect,"Aug 25, 2007"
639,UFC 73: Stacked,"Jul 7, 2007"
640,The Ultimate Fighter: Team Pulver vs. Team Penn Finale,"Jun 23, 2007"
641,UFC 72: Victory,"Jun 16, 2007"
642,UFC Fight Night: Stout vs. Fisher,"Jun 12, 2007"
643,UFC 71: Liddell vs. Jackson,"May 26, 2007"
644,UFC 70: Nations Collide,"Apr 21, 2007"
645,UFC 69: Shootout,"Apr 7, 2007"
646,UFC Fight Night: Stevenson vs. Guillard,"Apr 5, 2007"
647,UFC 68: The Uprising,"Mar 3, 2007"
648,UFC 67: All or Nothing,"Feb 3, 2007"
649,UFC Fight Night: Evans vs. Salmon,"Jan 25, 2007"
650,UFC 66: Liddell vs. Ortiz,"Dec 30, 2006"
651,UFC Fight Night: Sanchez vs. Riggs,"Dec 13, 2006"
652,UFC 65: Bad Intentions,"Nov 18, 2006"
653,The Ultimate Fighter: The Comeback Finale,"Nov 11, 2006"
654,UFC 64: Unstoppable,"Oct 14, 2006"
655,UFC Fight Night 6.5,"Oct 10, 2006"
656,UFC 63: Hughes vs. Penn,"Sep 23, 2006"
657,UFC 62: Liddell vs. Sobral,"Aug 26, 2006"
658,UFC Fight Night 6,"Aug 17, 2006"
659,UFC 61: Bitter Rivals,"Jul 8, 2006"
660,UFC Ultimate Fight Night 5,"Jun 28, 2006"
661,The Ultimate Fighter: Team Ortiz vs. Team Shamrock Finale,"Jun 24, 2006"
662,UFC 60: Hughes vs. Gracie,"May 27, 2006"
663,UFC 59: Reality Check,"Apr 15, 2006"
664,UFC Ultimate Fight Night 4,"Apr 6, 2006"
665,UFC 58: USA vs. Canada,"Mar 4, 2006"
666,UFC 57: Liddell vs. Couture 3,"Feb 4, 2006"
667,UFC Ultimate Fight Night 3,"Jan 16, 2006"
668,UFC 56: Full Force,"Nov 19, 2005"
669,The Ultimate Fighter: Team Hughes vs. Team Franklin Finale,"Nov 5, 2005"
670,UFC 55: Fury,"Oct 7, 2005"
671,UFC Ultimate Fight Night 2,"Oct 3, 2005"
672,UFC 54: Boiling Point,"Aug 20, 2005"
673,UFC Ultimate Fight Night,"Aug 6, 2005"
674,UFC 53: Heavy Hitters,"Jun 4, 2005"
675,UFC 52: Couture vs. Liddell,"Apr 16, 2005"
676,The Ultimate Fighter: Team Couture vs. Team Liddell Finale,"Apr 9, 2005"
677,UFC 51: Super Saturday,"Feb 5, 2005"
678,UFC 50: The War of '04,"Oct 22, 2004"
679,UFC 49: Unfinished Business,"Aug 21, 2004"
680,UFC 48: Payback,"Jun 19, 2004"
681,UFC 47: It's On!,"Apr 2, 2004"
682,UFC 46: Supernatural,"Jan 31, 2004"
683,UFC 45: Revolution,"Nov 21, 2003"
684,UFC 44: Undisputed,"Sep 26, 2003"
685,UFC 43: Meltdown,"Jun 6, 2003"
686,UFC 42: Sudden Impact,"Apr 25, 2003"
687,UFC 41: Onslaught,"Feb 28, 2003"
688,UFC 40: Vendetta,"Nov 22, 2002"
689,UFC 39: The Warriors Return,"Sep 27, 2002"
690,UFC 38: Brawl at the Hall,"Jul 13, 2002"
691,UFC 37.5: As Real As It Gets,"Jun 22, 2002"
692,UFC 37: High Impact,"May 10, 2002"
693,UFC 36: Worlds Collide,"Mar 22, 2002"
694,UFC 35: Throwdown,"Jan 11, 2002"
695,UFC 34: High Voltage,"Nov 2, 2001"
696,UFC 33: Victory in Vegas,"Sep 28, 2001"
697,UFC 32: Showdown in the Meadowlands,"Jun 29, 2001"
698,UFC 31: Locked and Loaded,"May 4, 2001"
699,UFC 30: Battle on the Boardwalk,"Feb 23, 2001"
700,UFC 29: Defense of the Belts,"Dec 16, 2000"
701,UFC 28: High Stakes,"Nov 17, 2000"
702,UFC 27: Ultimate Bad Boyz,"Sep 22, 2000"
703,UFC 26: Ultimate Field of Dreams,"Jun 9, 2000"
704,UFC 25: Ultimate Japan 3,"Apr 14, 2000"
705,UFC 24: First Defense,"Mar 10, 2000"
706,UFC 23: Ultimate Japan 2,"Nov 19, 1999"
707,UFC 22: Only One Can be Champion,"Sep 24, 1999"
708,UFC 21: Return of the Champions,"Jul 16, 1999"
709,UFC 20: Battle for the Gold,"May 7, 1999"
710,UFC 19: Ultimate Young Guns,"Mar 5, 1999"
711,UFC 18: The Road to the Heavyweight Title,"Jan 8, 1999"
712,UFC Brazil: Ultimate Brazil,"Oct 16, 1998"
713,UFC 17: Redemption,"May 15, 1998"
714,UFC 16: Battle in the Bayou,"Mar 13, 1998"
715,UFC Japan: Ultimate Japan,"Dec 21, 1997"
716,UFC 15: Collision Course,"Oct 17, 1997"
717,UFC 14: Showdown,"Jul 27, 1997"
718,UFC 13: The Ultimate Force,"May 30, 1997"
719,UFC 12: Judgement Day,"Feb 7, 1997"
720,UFC: The Ultimate Ultimate 2,"Dec 7, 1996"
721,UFC 11: The Proving Ground,"Sep 20, 1996"
722,UFC 10: The Tournament,"Jul 12, 1996"
723,UFC 9: Motor City Madness,"May 17, 1996"
724,UFC 8: David vs. Goliath,"Feb 16, 1996"
725,UFC: The Ultimate Ultimate,"Dec 16, 1995"
726,UFC 7: The Brawl in Buffalo,"Sep 8, 1995"
727,UFC 6: Clash of the Titans,"Jul 14, 1995"
728,UFC 5: The Return of the Beast,"Apr 7, 1995"
729,UFC 4: Revenge of the Warriors,"Dec 16, 1994"
730,UFC 3: The American Dream,"Sep 9, 1994"
731,UFC 2: No Way Out,"Mar 11, 1994"
732,UFC 1: The Beginning,"Nov 12, 1993"
